QR Code,Address
QR12345,"123 High Street, Croydon, CR0 1AA"
QR67890,"10 London Road, Croydon, CR0 2XT"
QR11223,"45 Church Street, Croydon, CR0 3TH"
QR44556,"89 Wellesley Road, Croydon, CR0 1WZ"
QR78901,"27 Park Lane, Croydon, CR0 4QL"
QR34567,"34 North End, Croydon, CR0 1UD"
QR89123,"88 South End, Croydon, CR0 1AR"
QR45678,"56 Station Road, Croydon, CR0 2TS"
QR67890,"21 George Street, Croydon, CR0 4EH"
QR23456,"67 Addiscombe Road, Croydon, CR0 5YA"
QR56789,"123 Waddon Way, Croydon, CR0 6LX"
QR34578,"92 Purley Way, Croydon, CR0 3JE"
QR23489,"10 Croydon Road, Purley, CR8 2AA"
QR65432,"9 Thornton Heath High Street, Thornton Heath, CR7 8LB"
QR87654,"5 Beddington Lane, Croydon, CR0 4HA"
QR23476,"77 Shirley Road, Croydon, CR0 7HS"
QR34567,"33 Selsdon Road, South Croydon, CR2 6PA"
QR12389,"45 Addington Road, Croydon, CR0 3JU"
QR98765,"84 Mitcham Road, Croydon, CR9 3RQ"
QR65432,"28 Canterbury Road, Croydon, CR2 0BJ"
QR19876,"56 Montague Road, Croydon, CR0 6AW"
QR46782,"24 Brighton Road, South Croydon, CR2 6AX"
QR38592,"70 Selhurst Road, Selhurst, CR2 6ES"
QR20389,"110 High Street, Purley, CR8 2AN"
QR98765,"62 Grange Road, South Croydon, CR2 6AB"
QR87532,"35 Scarbrook Road, Croydon, CR0 1XB"
QR24958,"18 Limpsfield Road, Sanderstead, CR2 9HA"
QR36512,"44 Church Road, Croydon, CR3 0RL"
QR74123,"13 Oakwood Hill, Croydon, CR0 5NX"
